{
  "tool": "omnimem-bench-latency",
  "params": {
    "notes": 200,
    "queries": 50
  },
  "warmup_seconds": 0.00772210001014173,
  "total_ingest_seconds": 25.60146579996217,
  "total_search_seconds": 2.240653600078076,
  "create_note": {
    "count": 200,
    "p50": 0.07828669995069504,
    "p95": 0.2771468000719324,
    "p99": 0.3013422000221908,
    "mean": 0.12787615999463015,
    "min": 0.06588799995370209,
    "max": 6.53857259999495
  },
  "search_note": {
    "count": 50,
    "p50": 0.03800309996586293,
    "p95": 0.10139530000742525,
    "p99": 0.20074660005047917,
    "mean": 0.044797053993679586,
    "min": 0.03365729993674904,
    "max": 0.20074660005047917
  }
}